Player,Team,Pos,Age,G,MP,FG,FGA,3P,3PA,FT,FTA,ORB,DRB,AST,STL,BLK,TOV,PF,DEF
Trae Young,ATL,PG,26,76,36,7.7,18.1,2.9,8.2,6.9,7.9,0.5,2.6,11.6,1.2,0.2,4.7,1.9,1
Jalen Johnson,ATL,PF,23,36,35.7,7.6,15,1,3.3,2.7,3.7,2,8,5,1.6,1,2.7,2.2,4
Dyson Daniels,ATL,SG,21,76,33.8,6,12.8,1.1,3.6,0.9,1.5,1.7,4.2,4.4,3,0.7,2.2,2.6,5
Kristaps Porzingis,ATL,C,29,42,28.9,6.4,13.4,2.3,5.8,4,4.9,1.8,4.9,2.1,0.7,1.4,1.7,2.4,4
Zaccharie Risacher,ATL,SF,19,75,24.6,4.8,10.5,1.4,4,1.3,1.8,1.1,2.4,1.2,0.9,0.5,1,2.1,3
Onyeka Okongwu,ATL,C,24,80,27.2,5,8.6,0.6,1.7,2.4,3.4,2.9,5.1,2.3,0.9,1,1.2,2.8,4
Nickeil Alexander-Walker,ATL,SG,26,82,25,3.5,8.1,1.8,4.8,0.7,0.9,0.4,2.7,2.7,1.1,0.6,1.1,2.3,4
Jayson Tatum,BOS,SF,27,72,36.4,9.2,20.3,3.5,10.1,5,6.1,0.7,8,6,1.1,0.5,2.9,2.3,4
Jaylen Brown,BOS,SG,28,63,34.3,8.6,18.3,2.1,6.5,3.4,5,1.1,4.7,4.5,1.2,0.3,3,2.5,4
Derrick White,BOS,SG,31,76,34.2,5.6,12.9,3.2,8.8,2.2,2.5,1,3.5,4.8,0.9,1.2,1,2,4
Payton Pritchard,BOS,PG,27,80,28.4,5.3,11.6,3.3,8.4,0.5,0.6,1,2.8,3.5,0.8,0.1,0.8,1.5,2
Anfernee Simons,BOS,SG,25,70,32,6.5,15.5,3,8.3,2.7,3,0.4,2.3,4.8,0.7,0.2,2.3,1.7,1
Neemias Queta,BOS,C,25,62,13.9,2.3,3.5,0,0,0.5,0.9,1.5,2.7,0.6,0.3,0.8,0.5,1.8,3
Sam Hauser,BOS,SF,27,71,21.3,3,6.6,2.2,5.4,0.3,0.4,0.6,2.9,1,0.5,0.2,0.3,1.1,2
Cam Thomas,BKN,SG,23,25,31.2,8.4,19.1,2.8,7.2,4.2,4.8,0.4,2.9,3.8,0.8,0.2,2.4,1,1
Michael Porter Jr.,BKN,SF,26,77,32.3,7.3,14.5,2.7,6.8,1.3,1.8,1.9,5.1,2.1,0.9,0.4,1.1,2.2,2
Nic Claxton,BKN,C,26,70,26.4,4.1,7.3,0.1,0.2,1.5,2.8,2,5.1,2,0.9,1.3,1.4,2.8,4
Noah Clowney,BKN,PF,20,63,24.8,3.4,9.5,1.9,6.4,0.8,1.1,0.9,3.2,1,0.6,0.5,0.7,2,3
LaMelo Ball,CHA,PG,23,47,32.3,8.6,21.8,4.2,12,3.9,4.6,1,4,7.4,1.1,0.3,3.6,3.8,2
Brandon Miller,CHA,SF,22,27,34,7.2,17.9,3.1,8.9,2.1,2.5,0.8,4.1,3.4,0.9,0.7,2.3,2.4,3
Miles Bridges,CHA,PF,27,64,34.5,7.5,17.2,2.2,6.8,3.1,3.9,1.4,6.1,3.8,0.8,0.5,2.2,1.8,3
Collin Sexton,CHA,SG,26,63,26.5,6.8,14,1.6,3.9,3.2,3.6,0.6,2.2,3.9,0.8,0.1,1.9,2,2
Coby White,CHI,PG,25,74,31.6,7,15.9,3.3,8.9,2.6,2.9,0.5,3.2,4.5,0.7,0.2,1.9,1.6,2
Nikola Vucevic,CHI,C,34,73,31.2,7.9,14.6,1.8,4.6,1.1,1.4,2,8.1,3.5,0.7,0.7,1.6,1.9,2
Josh Giddey,CHI,PG,22,70,30.2,5.6,11.9,1.3,3.5,1.5,1.9,1.5,6.7,7.2,1.2,0.6,2.5,2.3,3
Matas Buzelis,CHI,SF,20,82,20.5,3.8,8.3,1.1,3.3,0.8,1.2,1,2.7,1,0.5,0.9,0.7,1.2,3
Patrick Williams,CHI,PF,23,64,24.4,2.8,6.8,1,2.9,1.2,1.6,1.2,3.1,1.2,0.8,0.8,1.3,2.2,3
Ayo Dosunmu,CHI,SG,25,53,27,4.3,8.8,1.2,3.2,1.3,1.5,0.6,2.8,3.4,0.6,0.4,1.1,1.4,4
Donovan Mitchell,CLE,SG,28,71,31.4,8.3,18.5,3.4,9.2,4.5,5.2,0.8,3.6,5,1.3,0.2,2.1,1.7,3
Evan Mobley,CLE,PF,23,71,30.5,7.4,13.4,0.9,2.6,2.8,4,2,7.4,3.2,0.9,1.6,2,2.4,5
Darius Garland,CLE,PG,25,75,30.7,7.6,15.3,2.7,6.4,2.5,2.9,0.3,2.6,6.7,1.2,0.1,2.6,1.7,2
Jarrett Allen,CLE,C,26,82,28,5,7.6,0,0,3.4,4.9,2.8,6.9,1.9,0.9,0.9,1,1.4,4
De'Andre Hunter,CLE,SF,27,77,26,5.1,10.8,2.2,5.5,3,3.4,0.8,3.2,1.4,0.7,0.2,1.3,1.8,3
Anthony Davis,DAL,PF,32,51,34.3,9.4,18.6,0.6,2.1,5.3,6.5,2.8,9.1,3.5,1.2,2.2,2.1,2.3,5
Kyrie Irving,DAL,PG,33,50,36.1,8.9,18.7,3,7.5,4.2,4.4,0.6,4.2,4.6,1.3,0.5,2.3,1.9,2
Klay Thompson,DAL,SG,35,72,27.9,5,12.3,3,7.9,1,1.1,0.4,2.9,2,0.7,0.4,1.1,1.6,2
P.J. Washington,DAL,PF,26,57,31.3,5.4,11.6,1.8,4.8,1.9,2.8,2.1,5.7,2.3,1.1,0.8,1.4,2.6,4
Dereck Lively II,DAL,C,21,36,23,3.6,5.1,0,0,1.8,3,2.8,5.3,2.4,0.7,1.3,1.1,2.4,4
Daniel Gafford,DAL,C,26,57,21.2,5,7.1,0,0,2.2,3.1,2.5,4.4,1.3,0.5,1.8,0.9,2.8,4
Naji Marshall,DAL,SF,27,71,25.6,5.2,10.4,0.8,2.6,2.1,2.7,1.3,3.1,3.3,1,0.3,1.8,2.3,3
Nikola Jokic,DEN,C,30,70,36.7,11.2,19.5,2,4.7,5.2,6.4,2.9,9.9,10.2,1.8,0.6,3.3,2.3,3
Jamal Murray,DEN,PG,28,67,36.1,7.9,17.3,2.6,6.9,2.9,3.2,0.7,3.2,6,1.4,0.5,2.1,1.9,2
Aaron Gordon,DEN,PF,29,51,28.8,5.5,9.4,1.2,2.8,2.4,3.1,1.9,2.9,3.2,0.8,0.3,1.7,1.8,4
Christian Braun,DEN,SG,24,79,33.8,6.2,11.3,0.9,2.5,2,2.6,1.5,3.7,2.5,1.1,0.5,1.3,2.5,4
Cameron Johnson,DEN,SF,29,57,31.1,6.6,13.3,3.1,7.5,2.5,2.8,0.7,3.7,3.4,0.8,0.4,1.7,1.9,3
Peyton Watson,DEN,SF,22,68,20,2.9,6.2,0.8,2.3,1.2,1.7,0.9,2.3,1.3,0.7,1.1,1,1.9,4
Jonas Valanciunas,DEN,C,33,72,17.7,3.7,6.8,0.1,0.4,1.8,2.3,2.2,4.1,1.8,0.4,0.5,1.4,2,2
Cade Cunningham,DET,PG,23,70,35,9.8,20.8,2.1,5.9,4.3,5.1,1,5.1,9.1,1,0.8,4.4,2.6,3
Jalen Duren,DET,C,21,78,26,4.7,6.8,0,0,2.4,3.6,3.2,7.4,2.7,0.7,0.9,1.9,2.5,4
Ausar Thompson,DET,SF,22,59,24.3,4.3,8.2,0.1,0.8,1.3,2.3,2.2,3.8,2.1,1.6,0.9,1.2,2.2,5
Tobias Harris,DET,PF,32,74,30.6,5.5,11.6,1.3,3.7,1.9,2.2,1.4,4.5,2.1,1.1,0.8,0.9,2,3
Jaden Ivey,DET,SG,23,30,30.1,6,13.1,1.7,4.6,3.6,4.6,0.9,3.2,4,0.9,0.6,2.3,2.2,2
Duncan Robinson,DET,SF,31,73,24.9,3.6,8.1,2.4,6,1.2,1.3,0.3,1.8,1.9,0.3,0.1,0.7,1.6,2
Stephen Curry,GSW,PG,37,70,32.2,7.9,17.5,4.4,11.3,4.4,4.8,0.5,3.9,6,1.1,0.4,3,1.4,2
Jimmy Butler,GSW,SF,35,55,31.3,5.5,11.3,0.6,2,5.6,6.9,1.6,3.8,4.8,1.3,0.3,1.4,1.3,4
Draymond Green,GSW,PF,35,68,29,3.3,7.7,1.5,4.1,1.1,1.6,1.1,5,5.6,1.5,1,2.4,3.2,5
Jonathan Kuminga,GSW,PF,22,47,24.3,5.8,12.4,0.7,2.9,2.8,4.4,1.3,3.3,2.2,0.7,0.4,1.7,1.7,3
Brandin Podziemski,GSW,SG,22,64,26.6,4.3,9.9,1.6,4.8,0.8,1,0.9,4.1,3.6,1.3,0.3,1.4,2.1,3
Buddy Hield,GSW,SG,32,82,22.3,3.9,9.5,2.6,7,0.8,0.9,0.4,2.8,1.8,0.9,0.3,1,1.6,2
Kevin Durant,HOU,SF,36,62,36.5,9.5,18.2,2.2,5.1,5.1,6,0.3,5.7,4.2,0.8,1.2,3.1,1.7,3
Alperen Sengun,HOU,C,22,76,31.5,7.8,15.2,0.3,1.3,3.3,4.9,3.4,6.9,4.9,1.1,0.8,2.6,3,3
Amen Thompson,HOU,SF,22,82,33.2,5.9,10.9,0.1,0.6,2.2,3.3,2.6,5.6,3.8,1.4,1.3,1.9,2.6,5
Fred VanVleet,HOU,PG,31,60,35.3,4.8,12.5,2.8,8.2,1.9,2.2,0.5,3.2,5.6,1.6,0.6,1.6,2.1,4
Jabari Smith Jr.,HOU,PF,22,57,30.3,4.8,10.8,1.8,5,1.9,2.4,1.4,6,1.2,0.5,1,1.1,2,3
Tari Eason,HOU,PF,24,58,24.4,4.8,9.8,1.2,3.4,1.2,1.8,2,4.6,1.4,1.7,0.8,1.4,2.3,5
Steven Adams,HOU,C,31,58,14.3,1.8,3.5,0,0,0.6,1.5,2.9,2.9,1,0.4,0.6,0.9,1.8,3
Tyrese Haliburton,IND,PG,25,73,33.6,6.9,14.3,3.1,7.9,1.6,1.9,0.5,3,9.2,1.4,0.7,1.6,1.1,2
Pascal Siakam,IND,PF,31,78,32.8,8.1,15.3,1.2,3.4,2.9,3.8,1.4,5.5,3.4,0.9,0.4,2,2.4,3
Bennedict Mathurin,IND,SG,22,72,29.6,5.8,12.5,1,2.9,4.1,5.1,1.2,4.1,1.9,0.6,0.2,1.6,1.9,2
Andrew Nembhard,IND,PG,25,67,30.5,3.9,8.8,1.1,3.2,1.1,1.4,0.4,2.8,5,1.2,0.3,1.8,2.4,4
Aaron Nesmith,IND,SF,25,45,25.3,4.2,8.9,1.8,4.4,1.1,1.3,0.9,3.3,1.2,0.6,0.4,0.8,2.9,4
Obi Toppin,IND,PF,27,79,19.9,3.9,7.5,1.3,3.4,0.8,1,0.9,3.3,1.4,0.5,0.3,0.7,1.6,2
James Harden,LAC,PG,35,79,35.3,6.7,16.2,2.9,8.3,6,7,0.8,5,8.7,1.5,0.7,4.5,2.4,3
Kawhi Leonard,LAC,SF,34,37,31.3,8,16.1,2.2,5.5,3,3.4,1,4.9,3.1,1.6,0.5,1.7,1.1,4
Ivica Zubac,LAC,C,28,80,32.8,7.3,11.8,0,0,1.7,2.6,3.9,8.7,2.7,0.7,1.1,1.8,2.9,4
Derrick Jones Jr.,LAC,SF,28,67,27.9,3.8,7.5,1.1,3.2,1.1,1.6,1,2.3,1,1,0.8,0.7,2.2,4
Bradley Beal,LAC,SG,31,53,32.1,6.5,13.5,1.8,4.9,2.3,2.8,0.4,2.9,3.7,1,0.3,2,2,2
John Collins,LAC,PF,27,40,32.4,7.1,13.1,1.3,3.3,3.6,4.3,1.8,6.4,1.6,0.9,1,1.2,2,3
Chris Paul,LAC,PG,40,82,28,3.3,7.6,1.4,3.8,1,1.1,0.5,3.2,7.4,1.3,0.2,1.2,1.9,3
Luka Doncic,LAL,PG,26,50,35.4,9.2,20.4,3.5,9.9,6.1,7.7,0.8,7.4,7.7,1.8,0.4,3.6,2.5,3
LeBron James,LAL,SF,40,70,34.9,9.1,17.7,2.1,5.7,3.9,5.2,1,6.8,8.2,1,0.6,3.7,1.7,3
Austin Reaves,LAL,SG,26,73,34.9,6.6,14.4,2.7,7.4,4.9,5.6,0.6,3.9,5.8,1.1,0.3,2.5,1.9,2
Rui Hachimura,LAL,PF,27,59,31,5.1,10.4,1.5,3.6,1.5,1.9,1,3.9,1.4,0.7,0.4,0.8,1.5,2
Deandre Ayton,LAL,C,26,40,30.4,6.9,12.2,0,0.1,0.6,0.9,3.4,6.8,1.6,0.6,1,1.3,2.8,3
Marcus Smart,LAL,PG,31,34,20.4,3,7.8,1.4,4.4,1.2,1.5,0.4,1.8,3.2,1.2,0.3,1.3,2.1,4
Ja Morant,MEM,PG,25,50,28.9,7.6,17.1,1.9,6,5.3,6.9,0.8,3.2,7.3,1.2,0.4,3.3,1.5,2
Jaren Jackson Jr.,MEM,PF,25,74,30.4,7.9,16.2,2.2,6,4.3,5.3,1.3,4.3,2,1.2,1.6,2.1,3.2,5
Zach Edey,MEM,C,22,66,21.4,4.7,7.8,0.1,0.2,1.5,2.4,3.4,5.8,0.9,0.4,1.3,1.4,3,3
Jaylen Wells,MEM,SF,21,79,28.9,3.9,8.9,1.8,5,1.2,1.5,1,2.4,1.9,0.9,0.4,1.1,2.2,4
Santi Aldama,MEM,PF,24,65,23.4,5,10.5,1.6,4.3,1,1.3,1.3,5.4,3,0.9,0.8,1.2,1.4,3
Scotty Pippen Jr.,MEM,PG,24,79,24,4.4,9.1,1,2.9,1.3,1.8,0.8,2.9,4.2,1.7,0.5,1.8,1.4,4
Kentavious Caldwell-Pope,MEM,SG,32,77,27.4,3.5,7.9,1.5,4.3,0.5,0.6,0.6,1.8,1.8,0.9,0.4,0.6,1.3,4
Ty Jerome,MEM,SG,27,70,19.9,4.6,8.9,1.4,3.2,1.8,2,0.4,2.1,3.4,1.1,0.2,1.2,1.2,2
Tyler Herro,MIA,SG,25,77,35.4,8.8,18.6,3.2,8.3,3,3.4,0.6,4.6,5.5,0.8,0.2,2.8,1.5,2
Bam Adebayo,MIA,C,27,78,33.7,6.9,14.2,0.8,2.3,3.2,4.4,2.5,7.1,4.3,1.2,0.6,2.2,2.5,5
Andrew Wiggins,MIA,SF,30,59,31.4,6.7,14.9,2.4,6.4,1.8,2.4,1.2,3.6,2.4,1.2,0.8,1.8,1.5,3
Norman Powell,MIA,SG,32,60,31.6,7.9,16,3,7.1,2.9,3.4,0.4,2.8,2.1,1.1,0.2,1.6,1.9,2
Kel'el Ware,MIA,C,21,64,25.1,4.6,8.4,0.5,1.4,1.4,2,2.4,6.3,1,0.7,1.1,1,2.2,4
Davion Mitchell,MIA,PG,26,82,23.3,3.4,7.1,0.9,2.2,0.5,0.8,0.3,1.9,4.2,1,0.1,1,2.2,4
Jaime Jaquez Jr.,MIA,SF,24,66,20.9,3.3,7.5,0.4,1.7,1.4,1.9,1.1,3.6,2.4,1,0.2,1.2,1.4,3
Nikola Jovic,MIA,PF,21,46,24.6,3.9,8.9,1.6,4.5,1.2,1.6,0.8,3.7,3,0.7,0.4,1.4,2,2
Giannis Antetokounmpo,MIL,PF,30,67,34.2,11.8,19.7,0.2,0.9,6.5,10.6,2.2,9.7,6.5,0.9,1.2,3.1,2.3,4
Myles Turner,MIL,C,29,72,30.2,5.7,11.9,2.1,5.3,2.1,2.7,1.3,5.2,1.5,0.7,2,1.4,2.4,4
Kyle Kuzma,MIL,PF,29,68,29.9,5.4,12.1,1.1,3.6,1.3,1.9,1.1,4.6,2.2,0.7,0.2,1.8,1.8,2
Bobby Portis,MIL,PF,30,56,24.6,5.6,11.8,1.5,3.8,1.2,1.5,1.9,6.2,1.9,0.8,0.4,0.7,2.1,2
Kevin Porter Jr.,MIL,PG,24,60,20.1,4.8,10.3,1.2,3.2,1.6,2.1,0.6,3,3.7,1.6,0.3,1.9,2.1,3
Gary Trent Jr.,MIL,SG,26,80,23.8,4,9.2,2.4,5.9,0.8,0.9,0.4,1.8,1.2,0.8,0.2,0.5,1.7,3
Anthony Edwards,MIN,SG,23,79,36.3,9.1,20.4,4.1,10.3,4.9,6,0.8,5,4.5,1.2,0.6,3.2,1.8,4
Julius Randle,MIN,PF,30,69,32.8,6.3,13.2,1.8,5,4.3,5.3,1.2,5.8,4.7,0.9,0.3,2.6,2.8,2
Rudy Gobert,MIN,C,32,72,33.4,4.6,7.4,0,0,2.9,4.4,3.7,7.2,1.7,0.8,1.4,1.5,2.4,5
Jaden McDaniels,MIN,SF,24,82,32,5,10.2,1.1,3.3,1.1,1.5,1.5,4.4,1.8,1.3,0.9,1.3,3,5
Naz Reid,MIN,C,25,76,27.5,5.4,11.9,2.3,5.9,0.9,1.2,1.3,4.8,2.3,1.1,0.9,1.4,2.1,3
Donte DiVincenzo,MIN,SG,28,62,25.9,4,10.1,2.4,6.4,0.9,1.1,0.9,3.1,3.7,1.1,0.4,1.2,2.2,3
Mike Conley,MIN,PG,37,71,24.7,2.6,6.5,1.7,4.7,0.8,0.9,0.4,1.6,4.5,0.9,0.4,1,1.4,3
Zion Williamson,NOP,PF,24,30,28.6,9.5,16.6,0.1,0.4,5.3,7.4,2.3,4.9,5.3,1.2,0.9,3.2,2.1,3
Trey Murphy III,NOP,SF,24,53,34.1,7.4,16.2,3.1,8.2,3.2,3.6,1.3,3.8,3.5,1.1,0.6,2,1.9,3
Dejounte Murray,NOP,PG,28,31,32.5,6.9,17.2,2,6.5,1.7,2.2,0.9,4.6,7.4,2,0.3,3.2,2.4,4
Herbert Jones,NOP,SF,26,20,32.2,3.7,8.9,1.4,3.9,1.2,1.4,0.6,3.5,3.2,2,0.6,1.3,2.7,5
Jordan Poole,NOP,SG,25,68,30.2,7.4,17,3.4,9.3,2,2.3,0.5,2.9,4.5,1.3,0.4,2,2.3,2
Yves Missi,NOP,C,20,73,24.8,3.7,6.7,0,0,1.6,3,2.8,5,1.4,0.6,1.4,1.2,3,4
Jalen Brunson,NYK,PG,28,65,35.4,9.2,18.8,2.3,6,5.4,6.6,0.6,2.8,7.3,0.9,0.1,2.4,2,2
Karl-Anthony Towns,NYK,C,29,72,35,8.7,16.9,2,4.9,5.3,6.2,3.2,9.6,3.1,1,0.7,2.9,3.4,2
OG Anunoby,NYK,SF,27,74,36.6,6.8,14.1,2.2,6.1,1.9,2.4,1.3,3.2,2.2,1.6,0.8,1.4,2.3,5
Mikal Bridges,NYK,SF,28,82,37,7.2,14.4,2.2,6.3,1.3,1.6,0.8,2.4,3.7,0.9,0.5,1.6,1.8,4
Josh Hart,NYK,SG,30,77,37.6,5.3,10.1,0.7,2.1,2.4,3.4,2.4,7.2,5.9,1.5,0.3,1.6,2.1,4
Mitchell Robinson,NYK,C,27,17,17,2.2,3.8,0,0,0.5,1.4,2.7,2.5,0.8,0.8,0.8,0.3,1.8,4
Miles McBride,NYK,PG,24,66,21.8,3.1,7.7,1.8,4.7,0.8,1,0.3,1.6,2.3,0.8,0.2,0.6,1.3,4
Guerschon Yabusele,NYK,PF,29,70,27.1,4.1,8.7,1.8,4.7,1.2,1.6,1.4,4.2,2.1,0.8,0.5,1.3,2.5,3
Jordan Clarkson,NYK,SG,32,51,24.7,5.1,12.5,1.9,5.8,2.2,2.5,0.5,2.2,3.7,0.7,0.2,1.4,1.4,1
Shai Gilgeous-Alexander,OKC,PG,26,76,34.2,11.3,21.8,2.1,5.7,7.9,8.8,0.9,4.1,6.4,1.7,1,2.4,2.2,4
Jalen Williams,OKC,SF,24,69,32.4,8.1,16.6,1.7,4.8,3.6,4.3,1.1,4.2,5.1,1.6,0.7,2.2,2.1,4
Chet Holmgren,OKC,C,23,32,27,5.1,10.6,1.6,4.8,3.1,3.9,1.4,6.7,2,0.6,2.2,1.6,1.8,5
Isaiah Hartenstein,OKC,C,27,57,26.6,5.2,9.2,0,0.1,0.8,1.2,3.6,6.8,3.8,0.8,1.1,1.5,2.9,4
Luguentz Dort,OKC,SG,25,77,29.9,3.4,8.4,2.1,5.9,0.6,0.7,1.2,2.9,1.6,1.3,0.5,0.8,2.6,5
Alex Caruso,OKC,SG,31,54,18.8,2.5,5.7,1.1,3.2,1.1,1.3,0.4,2.4,2.1,1.6,0.4,1,1.8,5
Cason Wallace,OKC,SG,21,82,26.1,3.3,7.2,1.2,3.3,0.9,1.1,0.7,2.4,2.4,1.7,0.5,1,2,5
Aaron Wiggins,OKC,SG,26,70,19,4,8.5,1.3,3.4,0.8,1.1,0.9,2.7,1.3,0.6,0.2,0.8,1.3,3
Paolo Banchero,ORL,PF,22,46,34.4,9.1,20.6,1.8,6.3,5.6,7.4,1.3,6.2,4.8,0.7,0.4,2.9,2.2,3
Franz Wagner,ORL,SF,23,60,34.8,8.3,17.9,1.4,4.6,6.1,7.4,0.7,4.9,4.7,1.5,0.3,2.3,2.1,4
Desmond Bane,ORL,SG,26,69,32.6,7.2,15.1,2.6,6.8,1.9,2.1,0.6,4.8,5.3,1.2,0.4,2.2,2.7,3
Jalen Suggs,ORL,SG,23,35,29.3,5.8,13.7,2.1,6.6,1.8,2.2,0.9,3.1,3.7,1.5,0.9,2.2,2.9,5
Wendell Carter Jr.,ORL,C,25,74,27.5,3.4,6.5,0.4,1.6,1.3,1.8,2.2,4.8,1.8,0.5,0.6,0.8,2.1,4
Goga Bitadze,ORL,C,25,77,17.4,2.8,4.8,0,0.1,1.2,1.7,2.1,4.1,1.9,0.5,1.2,0.9,2.4,4
Anthony Black,ORL,PG,21,79,23.1,3.4,8.2,0.8,2.9,1.4,2.1,0.7,2.4,2.7,0.9,0.5,1.4,2.1,4
Joel Embiid,PHI,C,31,19,30.2,7.3,16,1.2,5,7.9,9.1,1.7,6.5,4.5,0.7,0.9,3.3,3.1,3
Tyrese Maxey,PHI,PG,24,52,37.7,9.2,21.7,3,8.8,5.3,6,0.5,2.8,6.1,1.8,0.4,2.4,2.1,3
Paul George,PHI,SF,35,41,32.5,5.8,13.9,2.2,6,2.4,2.9,0.6,4.7,4.3,1.8,0.5,2.1,2.8,3
Kelly Oubre Jr.,PHI,SF,29,60,34.1,6.1,13.3,1.5,4.5,1.6,2.1,1.6,4.4,1.5,1.4,0.7,1.1,1.9,3
Quentin Grimes,PHI,SG,25,74,26.6,5.1,11.1,2,5.2,1.9,2.3,0.9,3.1,2.8,0.9,0.4,1.4,1.8,3
Jared McCain,PHI,PG,21,23,25.2,5.9,12.5,2.6,6.4,0.7,0.8,0.4,2.1,2.6,0.6,0.1,1.4,1.4,2
Andre Drummond,PHI,C,31,46,19.4,3.3,6.3,0,0,0.6,1.4,3.2,4.7,1.2,1.2,0.5,1.2,2,3
Devin Booker,PHX,SG,28,75,37.3,8.8,19.1,2.1,6.1,6,6.8,0.6,3.5,7.1,0.9,0.2,3,2.8,2
Jalen Green,PHX,SG,23,82,33.1,7.1,16.9,2.9,8.4,4.3,5,0.7,3.9,3.4,0.9,0.3,2.3,1.7,2
Dillon Brooks,PHX,SF,29,75,30.3,5.1,11.6,2.3,5.9,1.6,1.9,0.7,2.6,1.7,0.9,0.3,1.2,2.7,4
Mark Williams,PHX,C,23,44,26.6,6.4,10.6,0,0,2.5,3.3,2.8,7.3,2.3,0.9,1.2,1.9,2.9,3
Grayson Allen,PHX,SG,29,71,26,3.4,8.2,2.1,5.2,1.2,1.4,0.4,2.7,1.9,0.8,0.2,0.8,2,3
Nick Richards,PHX,C,27,70,20.3,3.6,6.1,0,0,1.8,2.7,2.5,5,0.7,0.3,1.1,1.1,2.4,3
Royce O'Neale,PHX,SF,32,78,24,3,7.5,2.1,5.5,0.4,0.6,0.4,4,1.9,0.8,0.5,0.9,1.9,4
Deni Avdija,POR,SF,24,72,30.1,5.9,12.5,1.3,3.9,3.3,4.4,1.3,6,3.9,0.9,0.4,2.2,2.5,4
Shaedon Sharpe,POR,SG,21,72,31.5,6.9,15.5,1.9,5.6,2.3,3,1.2,3.4,2.6,0.8,0.4,1.9,2.4,2
Jerami Grant,POR,PF,31,62,29.7,4.6,11.5,2.1,5.8,3.4,4,0.6,2.9,2.1,0.7,0.6,1,1.6,3
Toumani Camara,POR,SF,24,78,32.7,4.1,9,1.8,4.9,1.3,1.7,1.6,4.2,2.2,1.4,0.5,1.2,3,5
Donovan Clingan,POR,C,21,67,19.9,2.8,5,0.2,0.8,0.3,0.6,2.5,5.3,1.2,0.5,2,0.9,2.3,5
Jrue Holiday,POR,PG,34,62,30.1,4.1,9.7,1.9,5.1,0.8,0.9,1.1,3.2,4,1.1,0.4,1.4,2,5
Scoot Henderson,POR,PG,21,78,26.3,4.3,10.7,1.8,5.3,2.8,3.4,0.5,2.7,5.1,0.8,0.3,2.6,2.1,2
Damian Lillard,POR,PG,34,58,36.1,7.8,17.7,3.8,10.2,5.5,6.1,0.5,4.2,7.1,1.2,0.3,2.7,1.6,2
Domantas Sabonis,SAC,C,29,70,34.7,7.8,13,0.6,1.5,3.3,4.2,4.1,9.8,6,0.8,0.4,2.5,2.9,3
Zach LaVine,SAC,SG,30,74,35.8,8.7,17.6,3.1,6.9,3.3,4.1,0.4,4,4.2,0.8,0.2,2.2,1.6,2
DeMar DeRozan,SAC,SF,35,77,35.7,8,16.9,0.8,2.5,5.2,6.1,0.5,3.4,4.4,0.8,0.3,1.6,1.9,2
Keegan Murray,SAC,PF,24,76,34.3,4.9,11.1,1.9,5.7,0.7,0.9,2,5,1.6,0.9,0.6,0.7,1.5,4
Malik Monk,SAC,SG,27,65,31,6.1,14.1,2.5,7.1,2.5,2.8,0.4,3.2,5.6,0.7,0.2,2.1,1.6,2
Dennis Schroder,SAC,PG,31,77,28.4,4.6,11.3,1.9,5.3,2.2,2.5,0.4,2.4,5.4,0.9,0.2,2,2.4,3
Russell Westbrook,SAC,PG,36,75,27.9,5.2,11.4,1.1,3.4,1.9,2.9,1.5,3.4,6.1,1.4,0.5,3.1,2.3,3
Victor Wembanyama,SAS,C,21,46,33.2,8.3,17.1,3.2,9.2,4.4,5.3,2.2,8.8,3.7,1.1,3.8,3.2,2.4,5
De'Aaron Fox,SAS,PG,27,62,35.5,8.3,18.6,1.8,5.8,5.2,6.4,0.6,3.9,6.1,1.5,0.4,2.5,2.2,3
Stephon Castle,SAS,SG,20,81,26.7,5.3,12.4,0.9,3.3,2.8,3.9,0.7,3,4.1,0.9,0.4,2.2,2.2,4
Devin Vassell,SAS,SG,24,64,28.6,6,14,2.3,6.3,0.9,1.1,0.8,3.3,2.9,1.2,0.4,1.3,1.8,3
Harrison Barnes,SAS,SF,33,82,29,4.5,9.4,1.6,3.9,2,2.4,1.1,2.8,1.6,0.6,0.2,1,1.1,2
Jeremy Sochan,SAS,PF,21,54,24.6,4.8,9.3,0.3,1.4,1.1,1.8,1.8,4.7,2.5,0.9,0.4,1.5,2.1,4
Keldon Johnson,SAS,SF,25,77,23.4,5.3,10.9,1.2,3.8,1.6,2.1,1.1,4.1,1.5,0.6,0.2,1,1.6,2
Scottie Barnes,TOR,SF,23,65,35,7.5,16,1.3,4.6,2.8,4,2.1,5.7,5.8,1.4,1,2.6,2.4,4
RJ Barrett,TOR,SF,25,58,34.8,7.9,16.7,1.8,5.4,3.9,6,1.1,5.3,5.4,0.6,0.3,3,2.1,2
Immanuel Quickley,TOR,PG,25,33,32.3,6,15.2,2.6,7.3,1.2,1.4,0.7,3.8,5.8,1,0.1,1.6,1.8,3
Brandon Ingram,TOR,SF,27,18,33.7,8.6,18.2,2.1,5.5,3.2,3.7,1.1,4.5,5.6,0.8,0.6,3.2,2,2
Jakob Poeltl,TOR,C,29,70,30.1,6.5,10.9,0,0,1.9,3.1,3.1,6.5,2.8,1.1,1.3,1.6,2.4,4
Gradey Dick,TOR,SG,21,54,29.3,4.6,11.6,1.8,5.3,3,3.5,0.3,3,1.8,0.7,0.2,1.3,1.6,2
Lauri Markkanen,UTA,PF,28,47,31.4,6.8,15.9,2.5,7.3,3.8,4.2,1.3,4.6,1.5,0.6,0.4,1.3,1.4,2
Keyonte George,UTA,PG,21,67,30,5.2,13.9,2.6,7.6,3.1,3.7,0.5,3.2,5.6,1,0.4,3.1,2.4,2
Walker Kessler,UTA,C,23,58,30.3,4.9,7.2,0,0,1.3,2.4,4.1,7.9,2.3,0.6,2.4,1.1,2,5
Isaiah Collier,UTA,PG,20,71,23,3.1,7.2,0.5,2,2.3,3,0.3,1.8,6.1,1.3,0.2,2.5,2.3,3
Jusuf Nurkic,UTA,C,30,51,19.4,3.4,7.3,0.4,1.8,1.2,1.8,2.3,5.2,2.1,0.7,0.7,1.8,2.9,3
CJ McCollum,WAS,SG,33,56,31.8,8,17.9,2.9,7.7,2.2,2.6,0.4,3.3,4.1,0.8,0.1,1.9,2.4,2
Alex Sarr,WAS,C,20,67,27.5,5,13.5,1.4,5.2,1.5,2.2,1.6,4.9,2.4,0.9,1.5,1.7,2.3,4
Bilal Coulibaly,WAS,SF,20,59,33.2,5.1,11.3,1.2,4.1,1.3,1.8,1.3,4.1,2.9,1.3,0.9,1.7,2.3,4
Khris Middleton,WAS,SF,33,57,23,4.4,9.6,1.3,3.5,1.5,1.6,0.4,3.3,3.9,1,0.1,1.5,2,2
Bub Carrington,WAS,PG,19,82,30,3.5,8.8,1.4,4.2,1,1.2,0.6,4.3,4.4,0.6,0.2,1.8,2.1,2
Kyshawn George,WAS,SF,21,68,24.9,3.1,8.4,1.4,4.5,0.8,1.3,0.5,3.2,2.8,0.9,0.5,1.4,2.2,3
